id,name,url,phone,address,publisher,license
000001,Department of Natural Resources - Parks & Recreation Division,http://www.michigan.gov/dnr/0,4570,7-153-10365---,00.html,?,?,yes,
000002,Northern Michigan University (NMU),?,?,?,,
000003,Noquemanon Trail Network (NTN),http://www.noquetrails.org/,906-235-6861, Email: noquenetwork@gmail.com,Noquemanon Trail Network, PO Box 746, Marquette, MI 49855,,
000005,Marquette Mountain Ski Area,http://www.marquettemountain.com/,906-225-1155,Marquette Mountain, 4501 M-553, Marquette, MI 49855,,
000006,Iron Ore Heritage Trail (IOHT),http://ironoreheritage.com/,906-235-2923, Email: ironoreheritage@gmail.com,Iron Ore Heritage Recreation Area, Attn: Carol Fulsher, Administrator, PO Box 763, 102 W. Washington Street, Suite 232, Marquette, MI 49855,,
000007,City of Marquette (Parks and Recreation Department)/Noquemanon Trail Network (NTN),http://www.mqtcty.org/parks.php,906-228-0460, Email: parks@mqtcty.org,City of Marquette Parks & Recreation, 300 W. Baraga Ave., Marquette, MI 49855,,
000008,City of Marquette (Parks and Recreation Department),http://www.mqtcty.org/parks.php,906-228-0460, Email: parks@mqtcty.org,City of Marquette Parks & Recreation, 300 W. Baraga Ave., Marquette, MI 49855,,
000009,North Country Trail,http://northcountrytrail.org/nct/,906-226-6210, Email: nct@northcountrytrail.org,North Country Trail Hikers Chapter, 1830 Altamont, Marquette, MI 49855,,
000000,Unknown,Unknown,?,?,,
