id,name,segment_ids,description,part_of
0000166,UP14,TRL21003;TRL21004;TRL21005;TRL21006;TRL21007;TRL21009;TRL21130;TRL21131;TRL21149;TRL21150;TRL21151;TRL21152;TRL21153;TRL21154;TRL21155;TRL21156;TRL21157;TRL21158;TRL21163;TRL21173;TRL21174;TRL21179;TRL21099;TRL21575;TRL21578;TRL21760,,
0000172,UP16,TRL21220;TRL21221;TRL21222,,
0000174,UP18,TRL21086;TRL21171;TRL21172,,
0000186,UP310,TRL21001;TRL21008,,
0000187,UP32,TRL21038;TRL21087,,
0000188,UP33,TRL21036;TRL21037;TRL21162;TRL21178;TRL23664,,
0000194,UP417,TRL21170;TRL21932;TRL21933;TRL21934;TRL22248;TRL22252;TRL22257;TRL22260;TRL22261;TRL22281;TRL22647;TRL22648;TRL22649;TRL22662;TRL22671;TRL22672;TRL22673;TRL22694;TRL22697;TRL22698;TRL22758;TRL22761;TRL22762;TRL23651,,
0000239,UP5,TRL21013;TRL21020;TRL21030;TRL21039;TRL21040;TRL21159;TRL21160;TRL21212;TRL21217;TRL21218;TRL21219;TRL21220;TRL21533,,
0000245,UP8,TRL21010;TRL21011;TRL21012;TRL21013;TRL21017;TRL21018;TRL21019;TRL21021;TRL21022;TRL21023;TRL21024;TRL21025;TRL21026;TRL21027;TRL21028;TRL21029;TRL21031;TRL21032;TRL21034;TRL21035;TRL21041;TRL21047;TRL21085;TRL21161;TRL21225;TRL21226;TRL21227;TRL21228;TRL21229;TRL21230;TRL21850;TRL21893;TRL21894;TRL21938;TRL21939,,
0000248,UP82,TRL21180,,
0000262,Flacks Lake Pathway,TRL21919;TRL21920;TRL21924;TRL21925,,
SFPW090,Anderson Lake Pathway,TRL21910;TRL21911;TRL21912;TRL21913;TRL21914;TRL21915;TRL21916;TRL21917;TRL21918;TRL21921;TRL21922;TRL21923;TRL21926;TRL21927;TRL21928,"6+ miles, bike, ski, camp",
SFPW089,Tyoga Historical Pathway,TRL21940;TRL21941,"1.4 miles, hike, bike",
SPTR189,Van Riper State Park - Miners Loop,TRL21201;TRL21866,,
SPTR188,Van Riper State Park - Old Wagon Road Trail,TRL21193,,
SPTR190,Van Riper State Park - River Trail,TRL21852;TRL21853;TRL21854;TRL21855;TRL21856;TRL21857;TRL21858;TRL21859;TRL21851;TRL21861;TRL21862,,
0000358,Iron Ore Heritage Trail,TRL21021;TRL21179;TRL21180;TRL21212;TRL21228;TRL21229;TRL21268;TRL21301;TRL21302;TRL21303;TRL21305;TRL21311;TRL21312;TRL21313;TRL21314;TRL21315;TRL21316;TRL21322;TRL21326;TRL21352;TRL21760;TRL21821;TRL21829;TRL21848;TRL21849;TRL21850;TRL21891;TRL21892;TRL21894;TRL23569;TRL23573;TRL23574;TRL23575;TRL23576;TRL23577;TRL23578;TRL23579;TRL23580,,
0000386,Laughing Whitefish State Park - Laughing Whitefish Trail,TRL21203;TRL21929;TRL21931,,
0000402,Lower Baraga Lake,TRL21141,,
0000481,North Country Trail,TRL21054;TRL21056;TRL21057;TRL21058;TRL21095;TRL21096;TRL21097;TRL21098;TRL21100;TRL21105;TRL21106;TRL21107;TRL21108;TRL21109;TRL21110;TRL21111;TRL21116;TRL21117;TRL21118;TRL21119;TRL21120;TRL21121;TRL21124;TRL21126;TRL21129;TRL21131;TRL21132;TRL21133;TRL21139;TRL21144;TRL21145;TRL21146;TRL21147;TRL21197;TRL21198;TRL21534;TRL21535;TRL21550;TRL21554;TRL21617;TRL21643;TRL21644;TRL21652;TRL21655;TRL21656;TRL21660;TRL21661;TRL21662;TRL21669;TRL21671;TRL21672;TRL21678;TRL21679;TRL21685;TRL21686;TRL21696;TRL21707;TRL21711;TRL21713;TRL21715;TRL21717;TRL21718;TRL21719;TRL21777;TRL21778;TRL21779;TRL21780;TRL21782;TRL21785;TRL21821;TRL21822;TRL21823;TRL21824;TRL21829;TRL21932;TRL21933;TRL21934;TRL21937;TRL22769;TRL22770;TRL23569;TRL23570;TRL23573;TRL23574;TRL23575;TRL23576;TRL23577;TRL23578;TRL23579;TRL23580;TRL23610;TRL23659;TRL23660;TRL23661,,
0000754,Van Riper State Park - Foot Trail,TRL21863;TRL21864;TRL21865;TRL21867;TRL22765;TRL22766;TRL22767,,
0000804,White Deer Lake,TRL21140;TRL21556,,
SFPW088,Blueberry Ridge Pathway,TRL21942;TRL21943;TRL21944;TRL21945;TRL21946;TRL21947;TRL21948;TRL21949;TRL21950;TRL21951;TRL21952;TRL21953;TRL21954;TRL21955;TRL21956;TRL21957;TRL21958;TRL21959;TRL21960;TRL21961,"12 miles, groomed ski, hike,  1.7 miles lighted for night skiing",
0000870,Clowry-Nestoria Trail,TRL21161,,
0000873,Craig Lake State Park - Clair Lake Trail,TRL21183,,
0000876,Craig Lake State Park - Craig Lake Trail,TRL21187;TRL21190;TRL21191;TRL21537;TRL21538;TRL21539;TRL21540;TRL21541;TRL21182;TRL21545;TRL21547;TRL21548,,
0000878,Craig Lake State Park - Crooked Lake Campsite Trail,TRL21186,,
0000879,Craig Lake State Park - Sandy Beach Campsites Trail,TRL21189;TRL21553,,
0000880,Craig Lake State Park - Teddy Lake Trail,TRL21188,,
0001192,Republic-Champion Route,TRL21210;TRL21211;TRL21212,,
0001266,Bass Lake Motorcycle Trail,TRL21209;TRL24053;TRL24054,,
0001318,Ishpeming to Republic Route,TRL21180,,
0001363,Porterfield Lake Motorcycle Trail,TRL21897;TRL21898;TRL21899;TRL21900;TRL21901;TRL21902;TRL21903;TRL21904;TRL21905;TRL21906;TRL21907;TRL21908;TRL21909,,
0001788,Hiawatha Water Trail,TRL2248,,
0000874,Craig Lake State Park - Clair Lake Portage,TRL21542;TRL21181;TRL22768,,
0000859,Craig Lake State Park - Craig Lake Portage,TRL21184;TRL21185;TRL21542;TRL21181;TRL21549;TRL21551;TRL22768,,
0000875,Craig Lake State Park - Crooked Lake Portage,TRL21184;TRL21185;TRL21549;TRL21551,,
0000267,Felch Grade Route,TRL21206;TRL21207;TRL21208;TRL21223;TRL21224,,
0000268,AAA Trail,TRL21004,,
0000274,Al Quaal Loop,TRL21241;TRL21242;TRL21243;TRL21244;TRL21266;TRL21886;TRL21887;TRL21888;TRL21889;TRL21890,,
0000293,Amasa Trail,TRL21171;TRL21172,,
0000297,DNR-Harlow Lake Trails - Angry Bear,TRL21083;TRL21687,,
0000314,DNR-Harlow Lake Trails - Anti-Jedi,TRL21065,,
0000315,DNR-Harlow Lake Trails - Bareback,TRL21070;TRL21689;TRL21692;TRL21693;TRL21694;TRL2358,,
0000335,DNR-Harlow Lake Trails - Bike Path,TRL21061,,
0000345,Bog Walk Trail,TRL21276;TRL21788;TRL21789;TRL21790;TRL21791;TRL21792,,
0000367,Carp River Loop,TRL21288;TRL22650;TRL22657;TRL22658;TRL22660;TRL22666;TRL22675;TRL22677;TRL22690;TRL22692;TRL22693;TRL22699;TRL22713;TRL22714;TRL22716;TRL22717;TRL22718;TRL22719,,
0000411,City of Marquette Multi Use Path,TRL21322;TRL21323;TRL21324;TRL21325;TRL21326;TRL21327;TRL21328;TRL21329;TRL21330;TRL21331;TRL21332;TRL21333;TRL21334;TRL21335;TRL21336;TRL21337;TRL21338;TRL21339;TRL21340;TRL21341;TRL21342;TRL21343;TRL21344;TRL21345;TRL21346;TRL21347;TRL21348;TRL21349;TRL21350;TRL21351;TRL21352;TRL21353;TRL21354;TRL21355;TRL21356;TRL21357;TRL21358;TRL21780;TRL21783;TRL21784;TRL21786;TRL21829;TRL22769;TRL22770;TRL23170;TRL23171;TRL23172;TRL23571;TRL23572;TRL23579;TRL23582;TRL23586;TRL23588;TRL23589;TRL23590;TRL23591;TRL23592;TRL23593,,
0000412,DNR-Harlow Lake Trails,TRL21014;TRL21015;TRL21016;TRL21044;TRL21045;TRL21046;TRL21050;TRL21051;TRL21052;TRL21053;TRL21063;TRL21066;TRL21068;TRL21069;TRL21071;TRL21072;TRL21074;TRL21076;TRL21077;TRL21078;TRL21079;TRL21080;TRL21102;TRL21112;TRL21113;TRL21134;TRL21135;TRL21136;TRL21318;TRL21659;TRL21663;TRL21664;TRL21665;TRL21667;TRL21668;TRL21670;TRL21673;TRL21674;TRL21675;TRL21676;TRL21677;TRL21680;TRL21681;TRL21682;TRL21683;TRL21684;TRL21714;TRL21716;TRL21723;TRL21724;TRL21725;TRL21726;TRL21727,,
0000430,Epic Trail,TRL21245;TRL21246;TRL21247;TRL21248;TRL21249;TRL21250;TRL21251;TRL21252;TRL21253;TRL21254;TRL21255;TRL21256;TRL21257;TRL21258;TRL21267;TRL21270;TRL21271;TRL21272;TRL21273;TRL21869;TRL21871;TRL21873;TRL21875,,
0000431,Fence River Trail,TRL21086,,
0000457,Fit Strip Trail,TRL21296;TRL21831;TRL21832;TRL21833;TRL21834;TRL21835;TRL21836;TRL21837;TRL21838;TRL21839;TRL21840;TRL21841;TRL21842;TRL21843;TRL21844;TRL21845,,
0000468,Grom Loop,TRL21290;TRL22283;TRL22284;TRL22285;TRL22286;TRL22287;TRL22288;TRL22289;TRL22290;TRL22291;TRL22295;TRL22297;TRL22651;TRL22653;TRL22655;TRL22656;TRL22659;TRL22667;TRL22669;TRL22700;TRL22701;TRL22706;TRL22711;TRL22712;TRL22715;TRL22759,,
0000473,Helps to Arnold Trail,TRL21162,,
0000480,DNR-Harlow Lake Trails - Hogback Mountain,TRL21114;TRL21706,,
0000483,DNR-Harlow Lake Trails - Hogback Mountain North,TRL21064;TRL21697;TRL21698;TRL21700;TRL21702,,
0000484,DNR-Harlow Lake Trails - The Jedi,TRL21115,,
0000490,DNR-Harlow Lake Trails - Jiggity,TRL21082,,
0000552,DNR-Harlow Lake Trails - Lilly Pond Trail,TRL21060;TRL21125;TRL21708;TRL21709;TRL21710,,
0000586,Malton Loop,TRL21259;TRL21260;TRL21261;TRL21262;TRL21263;TRL21264;TRL21265;TRL21870;TRL21872;TRL21874;TRL21876;TRL21877;TRL21878;TRL21879;TRL21880;TRL21881;TRL21882;TRL21883;TRL21884;TRL21885,,
0000594,DNR-Harlow Lake Trails - McLovin,TRL21081;TRL21688;TRL21690;TRL21691,,
0000608,Morgan Creek Loop,TRL21283;TRL22003;TRL22004;TRL22005;TRL22008;TRL22266;TRL22271;TRL22274;TRL22276;TRL22278;TRL22279;TRL22280;TRL22646;TRL22664;TRL22668;TRL22670;TRL22676;TRL22678;TRL22681;TRL22685;TRL22689;TRL23656,,
0000620,Mount Marquette Loop,TRL21309;TRL22015;TRL22016;TRL22017;TRL22019;TRL22022;TRL22025;TRL22026;TRL22027;TRL22028;TRL22038;TRL22041;TRL22046;TRL22047;TRL22249;TRL22255;TRL22256;TRL22258;TRL22760;TRL23618,,
0000647,NMU Trails,TRL21297;TRL21741;TRL21742;TRL23605;TRL23607;TRL23609;TRL23610,,
0000657,Noque,TRL21132;TRL21145;TRL21147;TRL21292;TRL21300;TRL21307;TRL21573;TRL21574;TRL21576;TRL21577;TRL21579;TRL21580;TRL21581;TRL21582;TRL21583;TRL21584;TRL21610;TRL21618;TRL21619;TRL21641;TRL21642;TRL21645;TRL21646;TRL21647;TRL21648;TRL21649;TRL21650;TRL21651;TRL21777;TRL21778;TRL21780;TRL22769;TRL22770;TRL23604;TRL23606;TRL23608;TRL23610;TRL23611,,
0000663,Noquemanon Trail,TRL21293;TRL21587;TRL21588;TRL21589;TRL21590;TRL21591;TRL21592;TRL21593;TRL21594;TRL21595;TRL21596;TRL21597;TRL21598;TRL21599;TRL21600;TRL21601;TRL21602;TRL21603;TRL21604;TRL21605;TRL21606;TRL21607;TRL21608;TRL21609;TRL21611;TRL21612;TRL21614;TRL21615;TRL21585;TRL21621;TRL21622;TRL21623;TRL21624;TRL21625;TRL21626;TRL21627;TRL21628;TRL21629;TRL21630;TRL21631;TRL21632;TRL21633;TRL21634;TRL21635;TRL21636;TRL21637;TRL21638;TRL21639;TRL21640,,
0000694,North Trails,TRL21306;TRL21763;TRL21294;TRL21766;TRL21767;TRL21768;TRL21769;TRL21770;TRL21761;TRL21772;TRL21773;TRL21774;TRL21775;TRL21776,,
0000695,Old Carp River Loop,TRL21286;TRL22696;TRL22709;TRL22710;TRL22753;TRL22754;TRL22756;TRL22757,,
0000696,Papasay,TRL21304;TRL21616,,
0000701,Perrin Brothers Trail,TRL21036;TRL21037;TRL21178;TRL23664,,
0000702,Pioneer Loop,TRL21278;TRL21976;TRL21977;TRL21978;TRL21979;TRL21980;TRL21981;TRL21982;TRL21983;TRL21990;TRL21992;TRL21995;TRL21996;TRL21998;TRL22000;TRL22007;TRL22009;TRL22013;TRL22264;TRL22265;TRL22267;TRL22269;TRL22277;TRL22282;TRL22292;TRL22296;TRL22298;TRL22301;TRL22302;TRL22303;TRL22304;TRL22680;TRL22686,,
0000705,Presque Isle Trails,TRL21281;TRL21793;TRL21794;TRL21279;TRL21796;TRL21797;TRL21798;TRL21799;TRL21800;TRL21801;TRL21802;TRL21803;TRL21804;TRL21805;TRL21806;TRL21807;TRL21808;TRL21809;TRL21810;TRL21811;TRL21812;TRL21813;TRL21814;TRL21815;TRL21816;TRL21817;TRL21818;TRL21819;TRL21820,,
0000706,Ranger Loop,TRL21239,,
0000713,DNR-Harlow Lake Trails - Rickles,TRL21084;TRL21695,,
0000715,Saux Head Trail,TRL21291;TRL21558;TRL21559;TRL21560;TRL21561;TRL21562;TRL21563;TRL21564;TRL21565;TRL21566;TRL21567;TRL21568;TRL21569;TRL21570;TRL21571;TRL21572,,
0000728,Section 16 Loop,TRL21240;TRL21269;TRL21846;TRL21847,,
0000763,DNR-Harlow Lake Trails - Sugarloaf,TRL21062;TRL21137;TRL21278;TRL21286;TRL21728;TRL21729;TRL21976;TRL21978;TRL21985;TRL21986;TRL21989;TRL21991;TRL21992;TRL21994;TRL21997;TRL21998;TRL22000;TRL22004;TRL22005;TRL22007;TRL22008;TRL22009;TRL22013;TRL22253;TRL22264;TRL22271;TRL22272;TRL22273;TRL22276;TRL22278;TRL22293;TRL22294;TRL22298;TRL22299;TRL22300;TRL22302;TRL22303;TRL22304;TRL22652;TRL22654;TRL22674;TRL22680;TRL22682;TRL22683;TRL22684;TRL22687;TRL22688;TRL22691;TRL22695;TRL22706;TRL22709;TRL22750;TRL22753;TRL22754;TRL22756;TRL22757;TRL23602,,
0000785,DNR-Harlow Lake Trails - Top of the World,TRL21128,,
0000788,Tourist Park Trails,TRL21275,,
0000793,Upper Baraga Lake,TRL21233,,
0000811,DNR-Harlow Lake Trails - Wetmore Trail,TRL21103;TRL21127;TRL21720;TRL21721;TRL21722,,
0000815,Yellow Dog Falls,TRL21232;TRL21234;TRL21235;TRL21555,,
0000828,Margaret-Bulldog Lake Portage,TRL21231,,
0001387,Thunder Valley Bridle Trail,TRL21088;TRL21089;TRL21090;TRL21091;TRL21092;TRL21093;TRL21094;TRL21165;TRL21166;TRL21167;TRL21168;TRL21169,,
0001272,DNR-Harlow Lake Trails - Song Bird Trail,TRL21073;TRL21075;TRL21666;TRL21669;TRL21671,,
0000833,Benson Grade,TRL21278,,
0000835,Noquemanon Trail Network Connector,TRL21963;TRL21973,,
0000836,Down Dogger,TRL22661;TRL22665;TRL23614,,
0000839,Upper Down Dogger,TRL21966;TRL22663,,
0000888,Harlow Farms Connector Trail,TRL21289;TRL21971;TRL21972;TRL21975;TRL23615,,
0000890,Scary Trail,TRL21969,,
0000892,Southern Cross Trail,TRL21965,,
0000894,DNR Cabin Number 6 Trail,TRL21122;TRL21123;TRL21148;TRL21196;TRL21653;TRL21654,,
0000895,DNR South Marquette GEMS Trail 1,TRL21199,,
0000896,DNR South Marquette GEMS Trail 2,TRL23662;TRL23663,,
0000897,DNR South Marquette GEMS Trail 3,TRL23665,,
0000898,DNR South Marquette GEMS Trail 4,TRL23666;TRL23667;TRL23669;TRL23670;TRL23671;TRL23672;TRL23673;TRL23674;TRL23675;TRL23676,,
0000899,DNR Hunter Walking Trail 1,TRL21213;TRL21214;TRL21215;TRL21895;TRL21896,,
0000900,DNR Hunter Walking Trail 2,TRL21216,,
0000901,DNR Hunter Walking Trail 3,TRL21200;TRL24057;TRL24058;TRL24059,,
0000905,DNR Hunter Walking Trail 7,TRL24060,,
0000906,DNR Hunter Walking Trail 8,TRL24061;TRL24062,,
0000907,DNR Hunter Walking Trail 9,TRL24063;TRL24064,,
0000908,DNR Hunter Walking Trail 10,TRL24065,,
0000909,DNR Hunter Walking Trail 11,TRL24066,,
0000914,DNR-Harlow Lake Trails - Mud Duck Section 1,TRL21700,,
0000910,DNR-Harlow Lake Trails - Harlow Creek,TRL21678;TRL21679;TRL21685;TRL23659;TRL23660,,
0000911,DNR-Harlow Lake Trails - Little Presque Isle Point,TRL21686;TRL21696,,
0000912,DNR-Harlow Lake Trails - Stairs,TRL23661,,
0000915,DNR-Harlow Lake Trails - Old Railroad Grade,TRL21042;TRL21043;TRL21101;TRL21138;TRL21657;TRL21658;TRL21701;TRL21703;TRL21704;TRL21705,,
0000916,DNR-Harlow Lake Trails - Climb Section 1,TRL21065;TRL21067;TRL21699,,
0000917,The Goat Trail,TRL21970;TRL22259,,
