id,name,url,phone,address,publisher,license
"http://www.michigan.gov/dnr/0,4570,7-153-10365---,00.html",000001,?,,yes,,?
?,000002,?,,,,?
http://www.noquetrails.org/,000003,"Noquemanon Trail Network, PO Box 746, Marquette, MI 49855",,,,"906-235-6861, Email: noquenetwork@gmail.com"
http://www.marquettemountain.com/,000005,"Marquette Mountain, 4501 M-553, Marquette, MI 49855",,,,906-225-1155
http://ironoreheritage.com/,000006,"Iron Ore Heritage Recreation Area, Attn: Carol Fulsher, Administrator, PO Box 763, 102 W. Washington Street, Suite 232, Marquette, MI 49855",,,,"906-235-2923, Email: ironoreheritage@gmail.com"
http://www.mqtcty.org/parks.php,000008,"City of Marquette Parks & Recreation, 300 W. Baraga Ave., Marquette, MI 49855",,,,"906-228-0460, Email: parks@mqtcty.org"
http://northcountrytrail.org/nct/,000009,"North Country Trail Hikers Chapter, 1830 Altamont, Marquette, MI 49855",,,,"906-226-6210, Email: nct@northcountrytrail.org"
Unknown,000000,?,,,,?
